:ID;keyword:string
10100000;data
10100001;guide
10100002;using
10100003;systems
10100004;information
10100005;simulation
10100006;computer
10100007;system
10100008;new
10100009;applications
10100010;microsoft
10100011;book
10100012;conference
10100013;web
10100014;edition
10100015;design
10100016;paper
10100017;network
10100018;windows
10100019;security
10100020;server
10100021;model
10100022;performance
10100023;tools
10100024;analysis
10100025;international
10100026;series
10100027;approach
10100028;programming
10100029;management
10100030;science
10100031;software
10100032;learning
10100033;algorithm
10100034;sql
10100035;based
10100036;method
10100037;office
10100038;notes
10100039;lecture
10100040;methods
10100041;database
10100042;networks
10100043;acm
10100044;techniques
10100045;digital
10100046;modeling
10100047;visual
10100048;user
10100049;recognition
10100050;features
10100051;internet
10100052;image
10100053;models
10100054;hacker
10100055;java
10100056;python
10100057;access
10100058;code
10100059;strategy
10100060;technology
10100061;spark
10100062;work
10100063;computing
10100064;application
10100065;research
10100066;cloud
10100067;terms
10100068;online
10100069;game
10100070;engineering
10100071;algorithms
10100072;computing
10100073;project
10100074;analytics
10100075;data
10100076;graph
10100077;key-value
10100078;business
10100079;scheme
10100080;time
10100081;linux
10100082;control
10100083;processing
10100084;winter
10100085;adobe
10100086;macintosh
10100087;putty
10100088;present
10100089;enterprise
10100090;language
10100091;media
10100092;development
10100093;framework
10100094;practical
10100095;computational
10100096;provides
10100097;networking
10100098;knowledge
10100099;routing
